{
  "final_accuracy": 0.1580020387359837,
  "train_accuracies": [
    0.6824789594491201,
    0.6829890334098444,
    0.8099974496301964,
    0.864575363427697,
    0.9025758735016577,
    0.9239989798520786,
    0.9446569752614129,
    0.9551134914562611,
    0.9683754144350931,
    0.975006375924509,
    0.9778117827084928,
    0.9834225962764601,
    0.9867380770211681,
    0.9885233358837031,
    0.9908186687069626,
    0.9920938536087732,
    0.9959194083142056,
    0.9954093343534812,
    0.9964294822749299,
    0.9959194083142056,
    0.9964294822749299,
    0.9974496301963784,
    0.9982147411374649,
    0.9979597041571028,
    0.9984697781178271,
    0.9982147411374649,
    0.9987248150981892,
    0.9984697781178271,
    0.9992348890589136,
    0.9984697781178271,
    0.9989798520785514,
    0.9989798520785514,
    0.9992348890589136,
    0.9992348890589136,
    0.9992348890589136,
    0.9992348890589136,
    0.9992348890589136,
    0.9992348890589136,
    0.9994899260392757,
    1.0,
    1.0,
    1.0,
    1.0,
    1.0,
    1.0,
    0.9997449630196379,
    1.0,
    1.0,
    1.0,
    1.0
  ],
  "test_accuracies": [
    0.127420998980632,
    0.12436289500509684,
    0.1325178389398573,
    0.14271151885830785,
    0.1488277268093782,
    0.14475025484199797,
    0.15188583078491336,
    0.15698267074413863,
    0.1488277268093782,
    0.1559633027522936,
    0.14984709480122324,
    0.15392456676860347,
    0.14780835881753313,
    0.1529051987767584,
    0.16106014271151886,
    0.1600407747196738,
    0.16106014271151886,
    0.15188583078491336,
    0.15698267074413863,
    0.15494393476044852,
    0.15392456676860347,
    0.15902140672782875,
    0.14984709480122324,
    0.14780835881753313,
    0.15494393476044852,
    0.14678899082568808,
    0.15698267074413863,
    0.15494393476044852,
    0.15494393476044852,
    0.15698267074413863,
    0.1559633027522936,
    0.15494393476044852,
    0.1529051987767584,
    0.14984709480122324,
    0.1529051987767584,
    0.15392456676860347,
    0.15188583078491336,
    0.15698267074413863,
    0.15902140672782875,
    0.1580020387359837,
    0.15698267074413863,
    0.15494393476044852,
    0.1559633027522936,
    0.1559633027522936,
    0.15902140672782875,
    0.15902140672782875,
    0.15494393476044852,
    0.1580020387359837,
    0.15698267074413863,
    0.1580020387359837
  ],
  "classification_report": {
    "barswa": {
      "precision": 0.15789473684210525,
      "recall": 0.1926605504587156,
      "f1-score": 0.17355371900826447,
      "support": 109.0
    },
    "cohmar1": {
      "precision": 0.10810810810810811,
      "recall": 0.09523809523809523,
      "f1-score": 0.10126582278481013,
      "support": 84.0
    },
    "combuz1": {
      "precision": 0.09090909090909091,
      "recall": 0.09259259259259259,
      "f1-score": 0.09174311926605505,
      "support": 108.0
    },
    "comsan": {
      "precision": 0.23076923076923078,
      "recall": 0.24107142857142858,
      "f1-score": 0.23580786026200873,
      "support": 112.0
    },
    "eaywag1": {
      "precision": 0.13186813186813187,
      "recall": 0.12121212121212122,
      "f1-score": 0.12631578947368421,
      "support": 99.0
    },
    "eubeat1": {
      "precision": 0.11594202898550725,
      "recall": 0.09195402298850575,
      "f1-score": 0.10256410256410256,
      "support": 87.0
    },
    "hoopoe": {
      "precision": 0.10256410256410256,
      "recall": 0.09302325581395349,
      "f1-score": 0.0975609756097561,
      "support": 86.0
    },
    "thrnig1": {
      "precision": 0.28125,
      "recall": 0.36,
      "f1-score": 0.3157894736842105,
      "support": 100.0
    },
    "wlwwar": {
      "precision": 0.1566265060240964,
      "recall": 0.13131313131313133,
      "f1-score": 0.14285714285714285,
      "support": 99.0
    },
    "woosan": {
      "precision": 0.12244897959183673,
      "recall": 0.12371134020618557,
      "f1-score": 0.12307692307692308,
      "support": 97.0
    },
    "accuracy": 0.1580020387359837,
    "macro avg": {
      "precision": 0.14983809156622097,
      "recall": 0.15427765383947295,
      "f1-score": 0.15105349285869576,
      "support": 981.0
    },
    "weighted avg": {
      "precision": 0.1523210321867451,
      "recall": 0.1580020387359837,
      "f1-score": 0.1541501241070889,
      "support": 981.0
    }
  },
  "n_epochs": 50
}