{
  "final_accuracy": 0.3944954128440367,
  "train_accuracies": [
    0.7163988778372864,
    0.7166539148176485,
    0.8446824789594491,
    0.9071665391481765,
    0.9370058658505483,
    0.9589390461616935,
    0.9701606732976281,
    0.97985207855139,
    0.9846977811782709,
    0.990053557765876,
    0.993369038510584,
    0.9951542973731191,
    0.9964294822749299,
    0.9961744452945677,
    0.9977046671767407,
    0.9984697781178271,
    0.9987248150981892,
    0.9992348890589136,
    0.9992348890589136,
    0.9997449630196379,
    1.0,
    1.0,
    1.0,
    1.0,
    1.0,
    1.0,
    1.0,
    1.0,
    1.0,
    1.0,
    1.0,
    1.0,
    1.0,
    1.0,
    1.0,
    1.0,
    1.0,
    1.0,
    1.0,
    1.0,
    1.0,
    1.0,
    1.0,
    1.0,
    1.0,
    1.0,
    1.0,
    1.0,
    1.0,
    1.0
  ],
  "test_accuracies": [
    0.25178389398572887,
    0.23547400611620795,
    0.26809378185524974,
    0.2945973496432212,
    0.3211009174311927,
    0.3129459734964322,
    0.327217125382263,
    0.3414882772680938,
    0.3363914373088685,
    0.3476044852191641,
    0.33741080530071355,
    0.3486238532110092,
    0.363914373088685,
    0.363914373088685,
    0.3781855249745158,
    0.38634046890927626,
    0.38837920489296635,
    0.3781855249745158,
    0.3853211009174312,
    0.3873598369011213,
    0.38837920489296635,
    0.399592252803262,
    0.4077471967380224,
    0.4036697247706422,
    0.4077471967380224,
    0.4057084607543323,
    0.40061162079510704,
    0.3904179408766565,
    0.3893985728848114,
    0.3934760448521916,
    0.399592252803262,
    0.3985728848114169,
    0.3985728848114169,
    0.3985728848114169,
    0.3934760448521916,
    0.39551478083588176,
    0.4026503567787971,
    0.40672782874617736,
    0.4016309887869521,
    0.3944954128440367,
    0.3965341488277268,
    0.3934760448521916,
    0.3965341488277268,
    0.39755351681957185,
    0.39551478083588176,
    0.40061162079510704,
    0.3934760448521916,
    0.3934760448521916,
    0.39143730886850153,
    0.3944954128440367
  ],
  "classification_report": {
    "barswa": {
      "precision": 0.38028169014084506,
      "recall": 0.4954128440366973,
      "f1-score": 0.4302788844621514,
      "support": 109.0
    },
    "cohmar1": {
      "precision": 0.2857142857142857,
      "recall": 0.21428571428571427,
      "f1-score": 0.24489795918367346,
      "support": 84.0
    },
    "combuz1": {
      "precision": 0.37168141592920356,
      "recall": 0.3888888888888889,
      "f1-score": 0.38009049773755654,
      "support": 108.0
    },
    "comsan": {
      "precision": 0.4068965517241379,
      "recall": 0.5267857142857143,
      "f1-score": 0.4591439688715953,
      "support": 112.0
    },
    "eaywag1": {
      "precision": 0.2268041237113402,
      "recall": 0.2222222222222222,
      "f1-score": 0.22448979591836735,
      "support": 99.0
    },
    "eubeat1": {
      "precision": 0.5555555555555556,
      "recall": 0.45977011494252873,
      "f1-score": 0.5031446540880503,
      "support": 87.0
    },
    "hoopoe": {
      "precision": 0.41025641025641024,
      "recall": 0.37209302325581395,
      "f1-score": 0.3902439024390244,
      "support": 86.0
    },
    "thrnig1": {
      "precision": 0.5,
      "recall": 0.52,
      "f1-score": 0.5098039215686274,
      "support": 100.0
    },
    "wlwwar": {
      "precision": 0.3118279569892473,
      "recall": 0.29292929292929293,
      "f1-score": 0.3020833333333333,
      "support": 99.0
    },
    "woosan": {
      "precision": 0.527027027027027,
      "recall": 0.4020618556701031,
      "f1-score": 0.45614035087719296,
      "support": 97.0
    },
    "accuracy": 0.3944954128440367,
    "macro avg": {
      "precision": 0.39760450170480527,
      "recall": 0.38944496705169757,
      "f1-score": 0.3900317268479573,
      "support": 981.0
    },
    "weighted avg": {
      "precision": 0.39676482483707837,
      "recall": 0.3944954128440367,
      "f1-score": 0.3920866786446108,
      "support": 981.0
    }
  },
  "n_epochs": 50
}