{
  "final_accuracy": 0.17533129459734964,
  "train_accuracies": [
    0.1545524100994644,
    0.16092833460851824,
    0.16245855649069116,
    0.1627135934710533,
    0.1637337413925019,
    0.16347870441213977,
    0.16296863045141546,
    0.1627135934710533,
    0.16296863045141546,
    0.1632236674317776,
    0.1632236674317776,
    0.16296863045141546,
    0.1632236674317776,
    0.1632236674317776,
    0.1632236674317776,
    0.1632236674317776,
    0.1632236674317776,
    0.1632236674317776,
    0.1632236674317776,
    0.1632236674317776,
    0.16347870441213977,
    0.16347870441213977,
    0.16347870441213977,
    0.16347870441213977,
    0.16347870441213977,
    0.16347870441213977,
    0.16347870441213977,
    0.16347870441213977,
    0.16347870441213977,
    0.16347870441213977,
    0.16347870441213977,
    0.16347870441213977,
    0.16347870441213977,
    0.16347870441213977,
    0.16347870441213977,
    0.16347870441213977,
    0.16347870441213977,
    0.16347870441213977,
    0.16347870441213977,
    0.16347870441213977,
    0.16347870441213977,
    0.16347870441213977,
    0.16347870441213977,
    0.16347870441213977,
    0.16347870441213977,
    0.16347870441213977,
    0.16347870441213977,
    0.16347870441213977,
    0.16347870441213977,
    0.16347870441213977
  ],
  "test_accuracies": [
    0.1671763506625892,
    0.1671763506625892,
    0.16819571865443425,
    0.17023445463812437,
    0.1692150866462793,
    0.16819571865443425,
    0.16819571865443425,
    0.16819571865443425,
    0.16819571865443425,
    0.16819571865443425,
    0.16819571865443425,
    0.16819571865443425,
    0.16819571865443425,
    0.16819571865443425,
    0.16819571865443425,
    0.16819571865443425,
    0.16819571865443425,
    0.16819571865443425,
    0.16819571865443425,
    0.16819571865443425,
    0.16819571865443425,
    0.16819571865443425,
    0.16819571865443425,
    0.16819571865443425,
    0.16819571865443425,
    0.16819571865443425,
    0.16819571865443425,
    0.16819571865443425,
    0.16819571865443425,
    0.16819571865443425,
    0.16819571865443425,
    0.16819571865443425,
    0.16819571865443425,
    0.16819571865443425,
    0.16819571865443425,
    0.16819571865443425,
    0.16819571865443425,
    0.16819571865443425,
    0.16819571865443425,
    0.16819571865443425,
    0.16819571865443425,
    0.16819571865443425,
    0.16819571865443425,
    0.16819571865443425,
    0.16819571865443425,
    0.16819571865443425,
    0.16819571865443425,
    0.16819571865443425,
    0.16819571865443425,
    0.16819571865443425
  ],
  "classification_report": {
    "barswa": {
      "precision": 0.14705882352941177,
      "recall": 0.045871559633027525,
      "f1-score": 0.06993006993006994,
      "support": 109.0
    },
    "cohmar1": {
      "precision": 0.0,
      "recall": 0.0,
      "f1-score": 0.0,
      "support": 84.0
    },
    "combuz1": {
      "precision": 0.14444444444444443,
      "recall": 0.24074074074074073,
      "f1-score": 0.18055555555555555,
      "support": 108.0
    },
    "comsan": {
      "precision": 0.14730290456431536,
      "recall": 0.6339285714285714,
      "f1-score": 0.23905723905723905,
      "support": 112.0
    },
    "eaywag1": {
      "precision": 0.0,
      "recall": 0.0,
      "f1-score": 0.0,
      "support": 99.0
    },
    "eubeat1": {
      "precision": 0.0,
      "recall": 0.0,
      "f1-score": 0.0,
      "support": 87.0
    },
    "hoopoe": {
      "precision": 0.0,
      "recall": 0.0,
      "f1-score": 0.0,
      "support": 86.0
    },
    "thrnig1": {
      "precision": 0.352112676056338,
      "recall": 0.5,
      "f1-score": 0.4132231404958678,
      "support": 100.0
    },
    "wlwwar": {
      "precision": 0.13636363636363635,
      "recall": 0.030303030303030304,
      "f1-score": 0.049586776859504134,
      "support": 99.0
    },
    "woosan": {
      "precision": 0.14049586776859505,
      "recall": 0.17525773195876287,
      "f1-score": 0.1559633027522936,
      "support": 97.0
    },
    "accuracy": 0.17533129459734964,
    "macro avg": {
      "precision": 0.10677783527267411,
      "recall": 0.16261016340641327,
      "f1-score": 0.110831608465053,
      "support": 981.0
    },
    "weighted avg": {
      "precision": 0.11260622207451246,
      "recall": 0.17533129459734964,
      "f1-score": 0.11748892326446336,
      "support": 981.0
    }
  },
  "n_epochs": 50
}