{
  "final_accuracy": 0.4872579001019368,
  "train_accuracies": [
    0.33052792654934965,
    0.36852843662331036,
    0.38918643203264475,
    0.4006630961489416,
    0.40652894669727113,
    0.41162968630451413,
    0.4157102779903086,
    0.4185156847742923,
    0.42183116551900024,
    0.4243815353226218,
    0.42616679418515685,
    0.42718694210660546,
    0.42871716398877835,
    0.43203264473348635,
    0.4333078296352971,
    0.4345830145371079,
    0.4350930884978322,
    0.4361132364192808,
    0.4371333843407294,
    0.43789849528181585,
    0.43866360622290235,
    0.4384085692425402,
    0.4391736801836266,
    0.44019382810507524,
    0.441469013006886,
    0.441469013006886,
    0.4417240499872481,
    0.44223412394797246,
    0.44376434583014535,
    0.44350930884978323,
    0.44350930884978323,
    0.44350930884978323,
    0.4429992348890589,
    0.44350930884978323,
    0.4440193828105075,
    0.44452945677123185,
    0.44478449375159396,
    0.4442744197908697,
    0.4450395307319561,
    0.4450395307319561,
    0.44478449375159396,
    0.4452945677123183,
    0.44605967865340473,
    0.4463147156337669,
    0.44656975261412907,
    0.4468247895944912,
    0.4475899005355777,
    0.4475899005355777,
    0.4473348635552155,
    0.4475899005355777
  ],
  "test_accuracies": [
    0.3394495412844037,
    0.37716615698267075,
    0.39551478083588176,
    0.4026503567787971,
    0.417940876656473,
    0.417940876656473,
    0.417940876656473,
    0.4230377166156983,
    0.4230377166156983,
    0.4260958205912334,
    0.42507645259938837,
    0.42813455657492355,
    0.4260958205912334,
    0.4260958205912334,
    0.4260958205912334,
    0.4271151885830785,
    0.4260958205912334,
    0.42507645259938837,
    0.42507645259938837,
    0.4260958205912334,
    0.4260958205912334,
    0.4271151885830785,
    0.4271151885830785,
    0.4260958205912334,
    0.4271151885830785,
    0.4271151885830785,
    0.4240570846075433,
    0.42507645259938837,
    0.4230377166156983,
    0.4230377166156983,
    0.4260958205912334,
    0.42507645259938837,
    0.4260958205912334,
    0.4260958205912334,
    0.4260958205912334,
    0.4260958205912334,
    0.4271151885830785,
    0.4260958205912334,
    0.4260958205912334,
    0.42507645259938837,
    0.42507645259938837,
    0.42507645259938837,
    0.4260958205912334,
    0.42507645259938837,
    0.42507645259938837,
    0.42507645259938837,
    0.4240570846075433,
    0.4240570846075433,
    0.4240570846075433,
    0.42507645259938837
  ],
  "classification_report": {
    "barswa": {
      "precision": 0.4897959183673469,
      "recall": 0.44036697247706424,
      "f1-score": 0.463768115942029,
      "support": 109.0
    },
    "cohmar1": {
      "precision": 0.421875,
      "recall": 0.32142857142857145,
      "f1-score": 0.36486486486486486,
      "support": 84.0
    },
    "combuz1": {
      "precision": 0.5,
      "recall": 0.5185185185185185,
      "f1-score": 0.509090909090909,
      "support": 108.0
    },
    "comsan": {
      "precision": 0.5182481751824818,
      "recall": 0.6339285714285714,
      "f1-score": 0.570281124497992,
      "support": 112.0
    },
    "eaywag1": {
      "precision": 0.36363636363636365,
      "recall": 0.36363636363636365,
      "f1-score": 0.36363636363636365,
      "support": 99.0
    },
    "eubeat1": {
      "precision": 0.6617647058823529,
      "recall": 0.5172413793103449,
      "f1-score": 0.5806451612903226,
      "support": 87.0
    },
    "hoopoe": {
      "precision": 0.47572815533980584,
      "recall": 0.5697674418604651,
      "f1-score": 0.5185185185185185,
      "support": 86.0
    },
    "thrnig1": {
      "precision": 0.5327102803738317,
      "recall": 0.57,
      "f1-score": 0.5507246376811594,
      "support": 100.0
    },
    "wlwwar": {
      "precision": 0.42857142857142855,
      "recall": 0.36363636363636365,
      "f1-score": 0.39344262295081966,
      "support": 99.0
    },
    "woosan": {
      "precision": 0.48623853211009177,
      "recall": 0.5463917525773195,
      "f1-score": 0.5145631067961165,
      "support": 97.0
    },
    "accuracy": 0.4872579001019368,
    "macro avg": {
      "precision": 0.48785685594637035,
      "recall": 0.48449159348735815,
      "f1-score": 0.48295354252690953,
      "support": 981.0
    },
    "weighted avg": {
      "precision": 0.4874820984445467,
      "recall": 0.4872579001019368,
      "f1-score": 0.4842989845425526,
      "support": 981.0
    }
  },
  "n_epochs": 50
}